record_id,cadet_id,module_id,start_date,completion_date,status,final_score,grade_letter
1,1,6,2024-11-22,2025-01-21,Completed,86.44,B
2,1,9,2024-11-06,2025-01-05,Completed,94.23,A
3,1,4,2024-10-17,2024-12-16,Completed,86.97,B
4,2,13,2024-07-04,2024-09-02,Completed,68.49,D
5,2,1,2024-06-07,2024-08-06,Completed,55.41,F
6,2,10,2024-07-11,,Active,,
7,2,8,2024-07-06,,Active,,
8,3,9,2025-05-14,2025-07-13,Completed,66.44,D
9,3,14,2025-05-08,2025-07-07,Completed,83.84,B
10,3,13,2025-04-10,2025-06-09,Completed,51.09,F
11,4,12,2025-12-23,2026-02-21,Completed,65.67,D
12,4,6,2025-12-22,2026-02-20,Completed,80.34,B
13,4,8,2025-12-12,2026-02-10,Completed,53.59,F
14,4,1,2026-01-05,2026-03-06,Completed,83.26,B
15,5,7,2024-07-04,2024-09-02,Completed,78.43,C
16,5,15,2024-07-08,2024-09-06,Completed,50.49,F
17,5,1,2024-06-30,2024-08-29,Completed,81.56,B
18,5,2,2024-06-16,2024-08-15,Completed,52.85,F
19,5,9,2024-06-28,,Active,,
20,5,3,2024-08-05,2024-10-04,Completed,91.39,A
21,6,13,2024-11-12,2025-01-11,Completed,66.02,D
22,6,14,2024-11-04,2025-01-03,Completed,50.51,F
23,6,12,2024-10-30,2024-12-29,Completed,72.88,C
24,6,4,2024-11-20,2025-01-19,Completed,94.93,A
25,6,10,2024-12-08,2025-02-06,Completed,98.87,A
26,7,9,2025-04-28,,Active,,
27,7,7,2025-03-27,2025-05-26,Completed,70.7,C
28,7,4,2025-04-25,2025-06-24,Completed,75.53,C
29,7,8,2025-05-20,2025-07-19,Completed,93.41,A
30,8,8,2024-07-23,2024-09-21,Completed,78.86,C
31,8,9,2024-08-21,2024-10-20,Completed,71.49,C
32,8,15,2024-07-06,2024-09-04,Completed,71.91,C
33,9,10,2025-03-09,2025-05-08,Completed,69.51,D
34,9,15,2025-03-30,2025-05-29,Completed,91.2,A
35,9,7,2025-04-02,2025-06-01,Completed,63.26,D
36,9,3,2025-03-14,2025-05-13,Completed,54.06,F
37,10,7,2024-12-09,2025-02-07,Completed,62.44,D
38,10,2,2024-12-22,2025-02-20,Completed,96.49,A
39,10,8,2025-01-01,,Active,,
40,10,14,2024-12-09,2025-02-07,Completed,61.66,D
41,10,12,2024-12-19,,Active,,
42,10,15,2025-01-03,2025-03-04,Completed,62.58,D
43,11,15,2024-05-24,2024-07-23,Completed,93.49,A
44,11,6,2024-05-24,2024-07-23,Completed,69.28,D
45,11,10,2024-05-05,2024-07-04,Completed,83.82,B
46,11,5,2024-06-16,,Active,,
47,11,4,2024-05-06,2024-07-05,Completed,77.44,C
48,12,13,2025-03-09,2025-05-08,Completed,76.56,C
49,12,3,2025-02-16,2025-04-17,Completed,71.96,C
50,12,15,2025-03-19,2025-05-18,Completed,69.41,D
51,12,11,2025-02-17,2025-04-18,Completed,64.17,D
52,12,2,2025-02-16,2025-04-17,Completed,80.17,B
53,13,6,2024-03-04,,Active,,
54,13,5,2024-03-11,2024-05-10,Completed,64.09,D
55,13,4,2024-02-21,,Active,,
56,13,12,2024-03-01,2024-04-30,Completed,79.56,C
57,14,9,2025-11-28,2026-01-27,Completed,74.42,C
58,14,12,2025-11-24,2026-01-23,Completed,90.55,A
59,14,5,2025-12-01,2026-01-30,Completed,79.16,C
60,14,7,2025-12-02,2026-01-31,Completed,74.53,C
61,14,6,2025-12-07,2026-02-05,Completed,99.19,A
62,15,1,2025-11-07,2026-01-06,Completed,94.02,A
63,15,5,2025-11-08,2026-01-07,Completed,79.42,C
64,15,8,2025-11-20,2026-01-19,Completed,83.89,B
65,15,2,2025-10-01,2025-11-30,Completed,93.61,A
66,15,13,2025-11-26,2026-01-25,Completed,91.17,A
67,15,9,2025-11-09,2026-01-08,Completed,82.29,B
68,16,2,2025-04-20,2025-06-19,Completed,98.53,A
69,16,8,2025-04-28,2025-06-27,Completed,83.8,B
70,16,11,2025-05-21,2025-07-20,Completed,78.4,C
71,16,1,2025-05-10,2025-07-09,Completed,97.94,A
72,16,14,2025-04-04,,Active,,
73,17,6,2024-09-20,2024-11-19,Completed,68.15,D
74,17,8,2024-08-16,2024-10-15,Completed,60.5,D
75,17,12,2024-09-14,2024-11-13,Completed,92.0,A
76,17,1,2024-08-11,2024-10-10,Completed,82.65,B
77,17,9,2024-08-15,2024-10-14,Completed,98.73,A
78,18,9,2025-11-15,2026-01-14,Completed,70.16,C
79,18,7,2025-10-18,2025-12-17,Completed,90.39,A
80,18,10,2025-10-30,2025-12-29,Completed,56.41,F
81,18,15,2025-10-18,2025-12-17,Completed,56.17,F
82,18,12,2025-10-08,2025-12-07,Completed,57.44,F
83,19,9,2026-01-01,2026-03-02,Completed,65.15,D
84,19,8,2025-11-16,2026-01-15,Completed,60.38,D
85,19,13,2025-12-11,2026-02-09,Completed,53.42,F
86,19,5,2025-11-11,2026-01-10,Completed,61.99,D
87,20,12,2025-06-01,2025-07-31,Completed,85.17,B
88,20,3,2025-05-10,2025-07-09,Completed,57.67,F
89,20,15,2025-05-22,,Active,,
90,20,11,2025-05-14,,Active,,
91,20,9,2025-04-15,,Active,,
92,20,14,2025-04-21,2025-06-20,Completed,54.97,F
93,21,9,2025-04-18,,Active,,
94,21,8,2025-03-04,2025-05-03,Completed,98.09,A
95,21,14,2025-04-20,,Active,,
96,21,4,2025-03-04,2025-05-03,Completed,79.64,C
97,21,15,2025-04-24,2025-06-23,Completed,50.06,F
98,22,14,2025-01-21,2025-03-22,Completed,83.24,B
99,22,12,2025-03-10,,Active,,
100,22,11,2025-02-27,,Active,,
101,23,8,2025-12-06,2026-02-04,Completed,74.65,C
102,23,15,2025-11-16,2026-01-15,Completed,64.98,D
103,23,13,2025-12-07,,Active,,
104,23,1,2025-11-20,2026-01-19,Completed,63.88,D
105,23,5,2025-12-29,2026-02-27,Completed,63.65,D
106,23,14,2025-12-23,2026-02-21,Completed,70.6,C
107,24,7,2024-06-22,2024-08-21,Completed,58.67,F
108,24,4,2024-05-28,2024-07-27,Completed,79.67,C
109,24,13,2024-07-10,2024-09-08,Completed,63.24,D
110,24,5,2024-06-26,2024-08-25,Completed,79.63,C
111,24,10,2024-06-29,2024-08-28,Completed,72.67,C
112,24,8,2024-07-21,2024-09-19,Completed,84.73,B
113,25,5,2025-11-11,2026-01-10,Completed,85.87,B
114,25,3,2025-10-17,2025-12-16,Completed,51.81,F
115,25,6,2025-11-28,2026-01-27,Completed,79.27,C
116,26,11,2025-02-08,2025-04-09,Completed,59.72,F
117,26,7,2025-03-02,2025-05-01,Completed,81.42,B
118,26,9,2025-02-25,2025-04-26,Completed,69.63,D
119,26,5,2025-01-23,2025-03-24,Completed,71.19,C
120,26,4,2025-02-14,2025-04-15,Completed,65.14,D
121,26,1,2025-02-26,,Active,,
122,27,12,2025-12-18,2026-02-16,Completed,82.67,B
123,27,4,2026-01-01,,Active,,
124,27,1,2026-01-24,2026-03-25,Completed,52.57,F
125,27,11,2025-12-12,,Active,,
126,27,14,2026-01-15,2026-03-16,Completed,89.16,B
127,27,2,2026-01-04,2026-03-05,Completed,54.3,F
128,28,7,2024-07-18,2024-09-16,Completed,91.92,A
129,28,11,2024-06-23,2024-08-22,Completed,85.45,B
130,28,8,2024-06-23,2024-08-22,Completed,72.2,C
131,28,5,2024-06-29,2024-08-28,Completed,54.84,F
132,29,4,2025-07-17,2025-09-15,Completed,76.59,C
133,29,1,2025-08-06,2025-10-05,Completed,89.57,B
134,29,8,2025-08-20,2025-10-19,Completed,83.05,B
135,30,13,2024-11-09,2025-01-08,Completed,84.5,B
136,30,6,2024-11-09,2025-01-08,Completed,55.17,F
137,30,12,2024-11-10,2025-01-09,Completed,96.02,A
138,31,7,2025-01-21,2025-03-22,Completed,53.17,F
139,31,9,2025-01-12,2025-03-13,Completed,96.87,A
140,31,5,2025-01-21,2025-03-22,Completed,65.69,D
141,31,11,2024-12-30,2025-02-28,Completed,98.92,A
142,31,13,2025-01-12,2025-03-13,Completed,67.35,D
143,32,14,2024-05-15,2024-07-14,Completed,65.85,D
144,32,15,2024-06-05,2024-08-04,Completed,73.33,C
145,32,1,2024-05-31,2024-07-30,Completed,81.65,B
146,32,5,2024-04-21,2024-06-20,Completed,52.77,F
147,32,11,2024-04-15,2024-06-14,Completed,93.24,A
148,32,12,2024-05-13,2024-07-12,Completed,90.09,A
149,33,2,2025-07-25,2025-09-23,Completed,64.42,D
150,33,6,2025-08-06,2025-10-05,Completed,76.91,C
151,33,9,2025-08-14,2025-10-13,Completed,54.84,F
152,33,3,2025-06-19,2025-08-18,Completed,90.37,A
153,33,8,2025-07-11,2025-09-09,Completed,56.48,F
154,33,7,2025-07-09,2025-09-07,Completed,82.23,B
155,34,6,2025-04-09,2025-06-08,Completed,52.65,F
156,34,12,2025-03-15,2025-05-14,Completed,94.76,A
157,34,15,2025-03-12,2025-05-11,Completed,93.6,A
158,34,7,2025-03-26,2025-05-25,Completed,84.83,B
159,35,10,2025-08-08,,Active,,
160,35,15,2025-08-30,2025-10-29,Completed,87.37,B
161,35,3,2025-07-17,2025-09-15,Completed,88.45,B
162,36,3,2025-02-28,2025-04-29,Completed,70.09,C
163,36,6,2025-02-14,2025-04-15,Completed,74.51,C
164,36,1,2025-02-12,2025-04-13,Completed,62.34,D
165,36,15,2025-02-27,2025-04-28,Completed,50.95,F
166,37,13,2026-02-01,2026-04-02,Completed,56.01,F
167,37,7,2026-02-02,2026-04-03,Completed,74.79,C
168,37,10,2026-01-08,2026-03-09,Completed,74.56,C
169,37,11,2026-01-21,,Active,,
170,38,7,2025-05-10,2025-07-09,Completed,52.9,F
171,38,8,2025-04-11,2025-06-10,Completed,84.5,B
172,38,5,2025-05-08,2025-07-07,Completed,73.52,C
173,38,10,2025-04-22,2025-06-21,Completed,96.47,A
174,38,4,2025-05-20,2025-07-19,Completed,85.33,B
175,39,6,2024-10-09,,Active,,
176,39,10,2024-10-19,2024-12-18,Completed,73.91,C
177,39,1,2024-10-09,2024-12-08,Completed,53.61,F
178,39,9,2024-09-15,2024-11-14,Completed,62.39,D
179,39,13,2024-09-02,2024-11-01,Completed,85.93,B
180,39,12,2024-10-08,,Active,,
181,40,15,2025-11-29,2026-01-28,Completed,51.51,F
182,40,9,2025-12-12,,Active,,
183,40,10,2025-11-15,2026-01-14,Completed,91.57,A
184,40,11,2025-11-02,2026-01-01,Completed,89.07,B
185,40,5,2025-12-07,2026-02-05,Completed,53.48,F
186,41,8,2024-10-19,2024-12-18,Completed,78.01,C
187,41,10,2024-09-23,2024-11-22,Completed,76.91,C
188,41,9,2024-09-29,,Active,,
189,41,3,2024-10-28,,Active,,
190,42,9,2024-05-12,,Active,,
191,42,4,2024-05-22,,Active,,
192,42,2,2024-05-13,2024-07-12,Completed,75.04,C
193,42,11,2024-06-12,2024-08-11,Completed,87.14,B
194,42,1,2024-05-21,2024-07-20,Completed,77.07,C
195,42,7,2024-06-19,2024-08-18,Completed,51.48,F
196,43,4,2024-06-10,,Active,,
197,43,12,2024-06-18,2024-08-17,Completed,81.31,B
198,43,6,2024-06-05,2024-08-04,Completed,83.03,B
199,43,7,2024-06-21,2024-08-20,Completed,76.26,C
200,44,10,2024-03-09,2024-05-08,Completed,56.53,F
201,44,4,2024-02-08,2024-04-08,Completed,90.73,A
202,44,3,2024-02-06,2024-04-06,Completed,59.35,F
203,44,8,2024-02-17,2024-04-17,Completed,77.95,C
204,44,1,2024-03-20,,Active,,
205,45,13,2024-03-22,2024-05-21,Completed,85.04,B
206,45,6,2024-04-05,2024-06-04,Completed,89.11,B
207,45,3,2024-05-18,,Active,,
208,46,15,2025-08-29,2025-10-28,Completed,50.67,F
209,46,4,2025-08-22,2025-10-21,Completed,68.56,D
210,46,10,2025-08-08,2025-10-07,Completed,80.1,B
211,46,6,2025-09-13,,Active,,
212,47,3,2024-09-03,,Active,,
213,47,1,2024-09-04,2024-11-03,Completed,76.82,C
214,47,14,2024-08-03,2024-10-02,Completed,98.16,A
215,48,11,2025-02-23,2025-04-24,Completed,78.56,C
216,48,10,2025-04-07,,Active,,
217,48,12,2025-03-21,2025-05-20,Completed,63.66,D
218,49,4,2025-03-27,2025-05-26,Completed,50.76,F
219,49,14,2025-03-27,2025-05-26,Completed,95.15,A
220,49,12,2025-04-14,2025-06-13,Completed,83.0,B
221,49,5,2025-04-08,2025-06-07,Completed,93.92,A
222,50,9,2024-12-17,,Active,,
223,50,4,2025-01-17,2025-03-18,Completed,78.01,C
224,50,3,2025-01-21,2025-03-22,Completed,76.39,C
225,50,8,2024-12-19,2025-02-17,Completed,50.82,F
226,50,1,2024-12-20,2025-02-18,Completed,99.8,A
227,50,2,2024-12-08,2025-02-06,Completed,93.19,A
228,51,1,2024-02-03,2024-04-03,Completed,55.02,F
229,51,9,2024-03-09,2024-05-08,Completed,80.16,B
230,51,4,2024-02-18,2024-04-18,Completed,79.36,C
231,51,14,2024-02-08,2024-04-08,Completed,78.8,C
232,52,5,2025-10-13,2025-12-12,Completed,96.1,A
233,52,14,2025-10-14,2025-12-13,Completed,50.47,F
234,52,10,2025-10-11,2025-12-10,Completed,89.52,B
235,52,2,2025-09-20,,Active,,
236,52,12,2025-10-19,,Active,,
237,52,6,2025-10-06,2025-12-05,Completed,78.17,C
238,53,5,2024-05-27,2024-07-26,Completed,77.59,C
239,53,7,2024-06-01,2024-07-31,Completed,53.61,F
240,53,13,2024-05-09,2024-07-08,Completed,60.37,D
241,53,3,2024-04-13,2024-06-12,Completed,63.76,D
242,53,8,2024-06-08,2024-08-07,Completed,74.06,C
243,53,4,2024-04-15,2024-06-14,Completed,80.66,B
244,54,3,2025-09-30,,Active,,
245,54,13,2025-10-20,2025-12-19,Completed,89.45,B
246,54,1,2025-11-08,2026-01-07,Completed,78.41,C
247,54,8,2025-10-11,,Active,,
248,54,2,2025-11-09,2026-01-08,Completed,81.59,B
249,54,10,2025-11-06,,Active,,
250,55,6,2024-12-10,2025-02-08,Completed,70.92,C
251,55,8,2024-11-26,2025-01-25,Completed,69.45,D
252,55,5,2024-12-06,,Active,,
253,55,3,2024-11-19,2025-01-18,Completed,99.11,A
254,55,11,2024-12-22,2025-02-20,Completed,72.45,C
255,55,1,2024-12-05,2025-02-03,Completed,56.06,F
256,56,8,2024-08-03,2024-10-02,Completed,51.9,F
257,56,1,2024-08-25,2024-10-24,Completed,70.28,C
258,56,3,2024-07-29,,Active,,
259,57,1,2024-12-04,,Active,,
260,57,5,2025-01-08,2025-03-09,Completed,59.17,F
261,57,6,2024-11-23,2025-01-22,Completed,72.93,C
262,57,3,2024-12-25,2025-02-23,Completed,58.99,F
263,58,12,2024-07-14,2024-09-12,Completed,60.98,D
264,58,13,2024-08-28,2024-10-27,Completed,92.72,A
265,58,3,2024-07-03,2024-09-01,Completed,85.69,B
266,59,5,2025-01-31,2025-04-01,Completed,76.17,C
267,59,12,2025-02-10,,Active,,
268,59,7,2025-03-05,2025-05-04,Completed,97.53,A
269,59,13,2025-02-01,2025-04-02,Completed,55.09,F
270,59,8,2025-03-18,2025-05-17,Completed,57.67,F
271,60,15,2025-07-25,2025-09-23,Completed,54.37,F
272,60,5,2025-08-09,2025-10-08,Completed,80.48,B
273,60,8,2025-07-11,,Active,,
274,60,10,2025-07-17,2025-09-15,Completed,88.53,B
275,61,13,2024-08-07,2024-10-06,Completed,59.66,F
276,61,1,2024-08-09,2024-10-08,Completed,92.39,A
277,61,9,2024-08-12,,Active,,
278,61,11,2024-07-12,2024-09-10,Completed,79.99,C
279,61,12,2024-08-28,2024-10-27,Completed,86.08,B
280,61,2,2024-08-14,2024-10-13,Completed,64.01,D
281,62,7,2025-08-21,2025-10-20,Completed,90.86,A
282,62,1,2025-08-06,2025-10-05,Completed,78.22,C
283,62,10,2025-08-11,,Active,,
284,62,9,2025-08-10,,Active,,
285,62,8,2025-08-09,2025-10-08,Completed,91.43,A
286,62,12,2025-07-07,2025-09-05,Completed,64.0,D
287,63,2,2024-07-03,2024-09-01,Completed,60.52,D
288,63,12,2024-07-26,2024-09-24,Completed,65.56,D
289,63,8,2024-08-12,2024-10-11,Completed,96.09,A
290,63,3,2024-07-09,2024-09-07,Completed,83.83,B
291,64,5,2024-08-25,2024-10-24,Completed,65.06,D
292,64,3,2024-08-16,2024-10-15,Completed,94.74,A
293,64,14,2024-08-16,,Active,,
294,65,8,2025-11-30,2026-01-29,Completed,69.0,D
295,65,7,2025-11-30,,Active,,
296,65,5,2025-11-21,2026-01-20,Completed,50.37,F
297,65,12,2025-11-21,2026-01-20,Completed,67.93,D
298,66,2,2024-09-07,2024-11-06,Completed,53.13,F
299,66,15,2024-09-21,2024-11-20,Completed,74.1,C
300,66,5,2024-10-14,2024-12-13,Completed,61.13,D
301,66,6,2024-09-18,,Active,,
302,66,11,2024-09-18,2024-11-17,Completed,63.72,D
303,67,2,2024-04-27,2024-06-26,Completed,54.75,F
304,67,9,2024-04-29,2024-06-28,Completed,72.85,C
305,67,4,2024-04-20,2024-06-19,Completed,83.93,B
306,67,6,2024-05-03,2024-07-02,Completed,76.09,C
307,67,1,2024-06-01,2024-07-31,Completed,56.42,F
308,68,3,2025-07-06,,Active,,
309,68,11,2025-05-27,2025-07-26,Completed,56.09,F
310,68,8,2025-06-15,2025-08-14,Completed,86.9,B
311,68,2,2025-06-01,2025-07-31,Completed,76.01,C
312,69,13,2024-06-19,2024-08-18,Completed,72.89,C
313,69,6,2024-06-24,2024-08-23,Completed,79.65,C
314,69,12,2024-07-02,2024-08-31,Completed,92.15,A
315,69,8,2024-06-24,2024-08-23,Completed,87.17,B
316,69,5,2024-07-09,2024-09-07,Completed,86.03,B
317,70,6,2024-12-17,2025-02-15,Completed,79.03,C
318,70,5,2024-11-11,2025-01-10,Completed,65.3,D
319,70,1,2024-11-19,,Active,,
320,70,7,2024-12-31,2025-03-01,Completed,96.58,A
321,70,3,2024-12-05,,Active,,
322,71,11,2025-06-22,2025-08-21,Completed,77.8,C
323,71,5,2025-07-01,2025-08-30,Completed,93.86,A
324,71,2,2025-06-18,,Active,,
325,72,4,2025-01-03,2025-03-04,Completed,76.01,C
326,72,1,2024-11-24,2025-01-23,Completed,54.69,F
327,72,15,2024-11-18,,Active,,
328,72,8,2024-12-15,2025-02-13,Completed,88.65,B
329,72,3,2024-12-28,,Active,,
330,72,13,2024-12-26,2025-02-24,Completed,64.36,D
331,73,15,2025-05-11,2025-07-10,Completed,53.28,F
332,73,9,2025-05-18,2025-07-17,Completed,66.95,D
333,73,12,2025-05-19,2025-07-18,Completed,54.32,F
334,73,6,2025-07-01,2025-08-30,Completed,82.05,B
335,74,8,2025-03-10,2025-05-09,Completed,61.35,D
336,74,2,2025-03-19,2025-05-18,Completed,91.46,A
337,74,14,2025-02-23,,Active,,
338,75,15,2024-08-24,2024-10-23,Completed,80.65,B
339,75,3,2024-09-08,2024-11-07,Completed,81.14,B
340,75,7,2024-08-03,2024-10-02,Completed,52.75,F
341,76,4,2024-05-09,2024-07-08,Completed,74.24,C
342,76,1,2024-05-23,2024-07-22,Completed,86.22,B
343,76,5,2024-05-17,,Active,,
344,77,10,2024-07-24,,Active,,
345,77,9,2024-09-02,,Active,,
346,77,3,2024-07-17,2024-09-15,Completed,63.35,D
347,77,2,2024-08-12,2024-10-11,Completed,53.83,F
348,78,8,2024-05-05,2024-07-04,Completed,71.96,C
349,78,3,2024-04-03,2024-06-02,Completed,85.7,B
350,78,1,2024-05-12,2024-07-11,Completed,60.99,D
351,78,14,2024-04-02,2024-06-01,Completed,86.8,B
352,79,5,2024-01-15,2024-03-15,Completed,67.93,D
353,79,13,2024-01-08,,Active,,
354,79,10,2024-01-05,,Active,,
355,79,9,2023-12-26,2024-02-24,Completed,98.47,A
356,79,15,2024-02-01,2024-04-01,Completed,96.35,A
357,80,12,2025-12-05,,Active,,
358,80,10,2025-11-26,2026-01-25,Completed,55.75,F
359,80,5,2025-12-14,,Active,,
360,81,15,2025-02-27,2025-04-28,Completed,92.93,A
361,81,9,2025-04-04,2025-06-03,Completed,76.54,C
362,81,8,2025-03-28,,Active,,
363,81,3,2025-04-05,2025-06-04,Completed,85.48,B
364,81,6,2025-04-04,2025-06-03,Completed,83.99,B
365,81,2,2025-02-15,2025-04-16,Completed,77.43,C
366,82,11,2024-05-11,2024-07-10,Completed,95.63,A
367,82,1,2024-04-16,2024-06-15,Completed,71.9,C
368,82,5,2024-05-21,2024-07-20,Completed,93.85,A
369,82,2,2024-05-13,2024-07-12,Completed,84.29,B
370,82,10,2024-05-07,2024-07-06,Completed,69.02,D
371,82,7,2024-05-16,,Active,,
372,83,2,2024-06-23,2024-08-22,Completed,98.63,A
373,83,9,2024-06-20,2024-08-19,Completed,92.29,A
374,83,10,2024-06-01,2024-07-31,Completed,53.8,F
375,83,13,2024-06-26,2024-08-25,Completed,81.9,B
376,83,11,2024-06-20,2024-08-19,Completed,56.81,F
377,84,9,2025-08-11,2025-10-10,Completed,82.68,B
378,84,15,2025-07-21,2025-09-19,Completed,95.41,A
379,84,8,2025-08-15,2025-10-14,Completed,71.93,C
380,84,12,2025-08-18,2025-10-17,Completed,72.57,C
381,84,6,2025-08-23,2025-10-22,Completed,88.28,B
382,84,2,2025-07-15,2025-09-13,Completed,59.87,F
383,85,2,2025-12-22,,Active,,
384,85,12,2025-12-22,2026-02-20,Completed,76.43,C
385,85,8,2025-12-19,,Active,,
386,85,9,2025-12-05,2026-02-03,Completed,73.24,C
387,85,3,2025-11-10,2026-01-09,Completed,80.83,B
388,85,14,2025-12-14,2026-02-12,Completed,82.11,B
389,86,8,2025-04-01,,Active,,
390,86,1,2025-03-24,2025-05-23,Completed,63.64,D
391,86,3,2025-02-27,2025-04-28,Completed,54.74,F
392,86,11,2025-02-16,2025-04-17,Completed,57.36,F
393,87,6,2025-05-15,2025-07-14,Completed,91.58,A
394,87,9,2025-06-05,2025-08-04,Completed,81.7,B
395,87,5,2025-05-06,2025-07-05,Completed,80.02,B
396,88,11,2025-01-04,2025-03-05,Completed,96.33,A
397,88,9,2024-12-21,2025-02-19,Completed,83.72,B
398,88,1,2024-11-26,2025-01-25,Completed,79.62,C
399,89,10,2026-01-13,2026-03-14,Completed,59.9,F
400,89,14,2026-01-25,,Active,,
401,89,2,2026-02-05,2026-04-06,Completed,62.04,D
402,89,15,2025-12-28,,Active,,
403,89,1,2026-01-25,2026-03-26,Completed,73.86,C
404,89,7,2026-01-07,2026-03-08,Completed,56.93,F
405,90,10,2024-01-30,2024-03-30,Completed,75.01,C
406,90,15,2024-02-22,2024-04-22,Completed,79.86,C
407,90,11,2024-01-27,2024-03-27,Completed,53.7,F
408,90,2,2024-03-04,2024-05-03,Completed,54.3,F
409,90,1,2024-02-19,,Active,,
410,91,3,2024-05-26,2024-07-25,Completed,67.98,D
411,91,2,2024-05-17,2024-07-16,Completed,79.84,C
412,91,15,2024-05-10,2024-07-09,Completed,72.67,C
413,92,10,2025-02-06,2025-04-07,Completed,99.7,A
414,92,14,2025-01-20,2025-03-21,Completed,59.4,F
415,92,3,2025-02-22,2025-04-23,Completed,73.97,C
416,92,13,2025-02-22,2025-04-23,Completed,95.22,A
417,92,15,2025-02-08,,Active,,
418,93,3,2024-03-23,,Active,,
419,93,14,2024-04-28,2024-06-27,Completed,69.8,D
420,93,13,2024-05-03,2024-07-02,Completed,57.49,F
421,94,15,2024-03-28,2024-05-27,Completed,83.49,B
422,94,4,2024-05-09,,Active,,
423,94,3,2024-04-25,,Active,,
424,94,5,2024-03-30,2024-05-29,Completed,74.51,C
425,95,4,2025-11-12,,Active,,
426,95,7,2025-11-15,2026-01-14,Completed,59.94,F
427,95,8,2025-10-01,,Active,,
428,95,12,2025-11-12,2026-01-11,Completed,83.66,B
429,96,7,2024-03-30,2024-05-29,Completed,99.91,A
430,96,1,2024-03-10,,Active,,
431,96,10,2024-03-10,2024-05-09,Completed,86.51,B
432,97,10,2024-03-19,2024-05-18,Completed,90.34,A
433,97,2,2024-04-09,2024-06-08,Completed,75.65,C
434,97,13,2024-04-06,2024-06-05,Completed,54.9,F
435,97,5,2024-02-29,2024-04-29,Completed,91.58,A
436,97,11,2024-03-19,2024-05-18,Completed,67.84,D
437,98,1,2025-07-12,2025-09-10,Completed,95.3,A
438,98,14,2025-07-08,,Active,,
439,98,3,2025-08-12,2025-10-11,Completed,75.97,C
440,99,10,2024-09-02,2024-11-01,Completed,79.36,C
441,99,14,2024-09-15,,Active,,
442,99,9,2024-09-24,,Active,,
443,99,2,2024-10-04,2024-12-03,Completed,99.57,A
444,99,8,2024-09-30,2024-11-29,Completed,53.17,F
445,100,9,2025-12-01,2026-01-30,Completed,94.55,A
446,100,14,2025-11-22,2026-01-21,Completed,65.72,D
447,100,13,2025-12-21,2026-02-19,Completed,78.15,C
448,101,9,2024-06-04,2024-08-03,Completed,77.68,C
449,101,10,2024-06-16,,Active,,
450,101,14,2024-05-31,2024-07-30,Completed,64.8,D
451,101,2,2024-07-13,2024-09-11,Completed,95.17,A
452,102,4,2025-02-04,2025-04-05,Completed,67.55,D
453,102,13,2025-03-24,2025-05-23,Completed,84.34,B
454,102,10,2025-03-20,2025-05-19,Completed,87.64,B
455,102,1,2025-03-20,2025-05-19,Completed,99.95,A
456,102,7,2025-02-11,2025-04-12,Completed,91.15,A
457,103,7,2025-06-08,2025-08-07,Completed,67.66,D
458,103,9,2025-05-24,2025-07-23,Completed,83.91,B
459,103,10,2025-05-05,,Active,,
460,103,12,2025-06-10,2025-08-09,Completed,98.85,A
461,104,2,2024-07-07,2024-09-05,Completed,54.38,F
462,104,13,2024-07-26,2024-09-24,Completed,55.18,F
463,104,9,2024-08-14,2024-10-13,Completed,87.49,B
464,104,8,2024-08-22,2024-10-21,Completed,73.33,C
465,104,5,2024-08-15,2024-10-14,Completed,68.95,D
466,104,7,2024-06-29,2024-08-28,Completed,71.98,C
467,105,5,2025-01-25,,Active,,
468,105,2,2025-01-11,,Active,,
469,105,12,2024-12-20,2025-02-18,Completed,95.99,A
470,106,7,2025-08-21,,Active,,
471,106,8,2025-09-05,,Active,,
472,106,2,2025-09-08,2025-11-07,Completed,86.15,B
473,106,12,2025-08-27,2025-10-26,Completed,78.53,C
474,107,10,2025-10-12,2025-12-11,Completed,63.92,D
475,107,7,2025-10-20,2025-12-19,Completed,55.94,F
476,107,12,2025-10-17,,Active,,
477,108,4,2024-10-09,2024-12-08,Completed,76.77,C
478,108,1,2024-10-07,2024-12-06,Completed,89.9,B
479,108,11,2024-09-06,2024-11-05,Completed,85.08,B
480,109,9,2024-11-12,2025-01-11,Completed,78.88,C
481,109,10,2024-12-10,2025-02-08,Completed,60.21,D
482,109,7,2024-11-07,2025-01-06,Completed,52.58,F
483,109,3,2024-11-10,2025-01-09,Completed,77.29,C
484,110,14,2025-09-08,2025-11-07,Completed,88.19,B
485,110,3,2025-09-21,2025-11-20,Completed,86.23,B
486,110,7,2025-09-14,2025-11-13,Completed,77.81,C
487,110,15,2025-09-24,2025-11-23,Completed,60.46,D
488,110,1,2025-09-19,2025-11-18,Completed,65.19,D
489,111,6,2025-12-06,,Active,,
490,111,1,2025-11-13,2026-01-12,Completed,78.5,C
491,111,7,2025-11-11,2026-01-10,Completed,79.11,C
492,112,14,2025-11-15,2026-01-14,Completed,98.99,A
493,112,5,2025-12-06,2026-02-04,Completed,72.86,C
494,112,6,2025-12-31,2026-03-01,Completed,56.34,F
495,112,11,2025-11-21,2026-01-20,Completed,87.93,B
496,113,2,2024-04-11,2024-06-10,Completed,92.36,A
497,113,8,2024-03-22,2024-05-21,Completed,94.93,A
498,113,12,2024-04-03,2024-06-02,Completed,51.55,F
499,114,2,2025-01-10,2025-03-11,Completed,62.34,D
500,114,13,2024-12-03,2025-02-01,Completed,99.33,A
501,114,4,2024-12-23,,Active,,
502,114,12,2024-12-15,2025-02-13,Completed,51.3,F
503,114,8,2024-11-28,2025-01-27,Completed,68.92,D
504,114,5,2024-12-09,2025-02-07,Completed,77.44,C
505,115,4,2024-08-13,2024-10-12,Completed,58.45,F
506,115,5,2024-09-14,,Active,,
507,115,1,2024-09-18,2024-11-17,Completed,90.04,A
508,115,11,2024-08-15,,Active,,
509,115,9,2024-08-11,2024-10-10,Completed,58.59,F
510,115,3,2024-09-16,2024-11-15,Completed,88.51,B
511,116,5,2025-06-11,2025-08-10,Completed,95.06,A
512,116,14,2025-05-26,2025-07-25,Completed,93.57,A
513,116,12,2025-05-30,2025-07-29,Completed,93.28,A
514,117,2,2025-10-23,2025-12-22,Completed,53.7,F
515,117,12,2025-10-01,2025-11-30,Completed,98.62,A
516,117,5,2025-10-30,,Active,,
517,117,7,2025-10-14,,Active,,
518,117,15,2025-10-16,2025-12-15,Completed,55.44,F
519,117,14,2025-10-12,2025-12-11,Completed,96.91,A
520,118,13,2025-03-04,2025-05-03,Completed,56.12,F
521,118,9,2025-04-03,2025-06-02,Completed,85.29,B
522,118,6,2025-03-18,2025-05-17,Completed,77.02,C
523,118,8,2025-03-01,2025-04-30,Completed,85.57,B
524,118,14,2025-03-08,2025-05-07,Completed,57.51,F
525,118,4,2025-03-25,2025-05-24,Completed,57.62,F
526,119,10,2025-09-02,2025-11-01,Completed,88.79,B
527,119,15,2025-09-19,2025-11-18,Completed,78.57,C
528,119,5,2025-10-04,,Active,,
529,119,9,2025-09-02,2025-11-01,Completed,61.83,D
530,119,12,2025-08-26,2025-10-25,Completed,88.04,B
531,120,5,2024-04-25,2024-06-24,Completed,80.78,B
532,120,12,2024-06-12,2024-08-11,Completed,58.31,F
533,120,15,2024-05-26,,Active,,
534,120,3,2024-05-28,2024-07-27,Completed,59.91,F
535,120,9,2024-06-08,,Active,,
536,120,4,2024-05-29,2024-07-28,Completed,76.86,C
537,121,12,2025-12-03,2026-02-01,Completed,82.15,B
538,121,7,2026-01-09,2026-03-10,Completed,54.83,F
539,121,11,2025-12-27,,Active,,
540,121,10,2026-01-14,,Active,,
541,121,3,2025-12-17,2026-02-15,Completed,81.08,B
542,121,13,2025-12-01,,Active,,
543,122,6,2024-09-05,,Active,,
544,122,14,2024-09-02,2024-11-01,Completed,59.04,F
545,122,1,2024-09-23,2024-11-22,Completed,93.73,A
546,123,13,2024-04-02,2024-06-01,Completed,87.16,B
547,123,1,2024-03-17,2024-05-16,Completed,57.74,F
548,123,4,2024-04-20,2024-06-19,Completed,56.73,F
549,123,11,2024-04-20,,Active,,
550,124,7,2025-09-30,2025-11-29,Completed,64.29,D
551,124,11,2025-10-07,2025-12-06,Completed,96.12,A
552,124,15,2025-10-06,2025-12-05,Completed,86.3,B
553,124,6,2025-10-11,2025-12-10,Completed,85.93,B
554,125,2,2025-06-03,2025-08-02,Completed,65.46,D
555,125,1,2025-06-06,2025-08-05,Completed,93.22,A
556,125,6,2025-05-27,,Active,,
557,125,10,2025-06-09,,Active,,
558,125,13,2025-06-06,2025-08-05,Completed,86.55,B
559,125,15,2025-06-19,2025-08-18,Completed,96.6,A
560,126,7,2024-12-29,2025-02-27,Completed,60.23,D
561,126,1,2025-02-19,2025-04-20,Completed,86.62,B
562,126,11,2025-02-07,2025-04-08,Completed,58.94,F
563,126,10,2025-01-30,,Active,,
564,126,13,2024-12-29,,Active,,
565,126,15,2025-01-23,2025-03-24,Completed,82.76,B
566,127,10,2025-05-24,2025-07-23,Completed,80.2,B
567,127,9,2025-06-30,2025-08-29,Completed,76.48,C
568,127,2,2025-06-23,2025-08-22,Completed,75.22,C
569,127,13,2025-06-11,2025-08-10,Completed,90.24,A
570,127,6,2025-07-20,2025-09-18,Completed,67.11,D
571,128,15,2024-03-28,,Active,,
572,128,9,2024-04-11,2024-06-10,Completed,60.55,D
573,128,7,2024-03-22,2024-05-21,Completed,86.02,B
574,129,12,2025-04-12,,Active,,
575,129,13,2025-04-15,2025-06-14,Completed,73.88,C
576,129,8,2025-05-05,,Active,,
577,130,1,2024-06-28,2024-08-27,Completed,81.43,B
578,130,3,2024-07-07,,Active,,
579,130,6,2024-06-16,,Active,,
580,131,8,2025-03-07,2025-05-06,Completed,85.77,B
581,131,15,2025-02-27,,Active,,
582,131,13,2025-02-04,2025-04-05,Completed,97.48,A
583,132,1,2024-05-24,2024-07-23,Completed,50.39,F
584,132,11,2024-04-22,2024-06-21,Completed,89.26,B
585,132,12,2024-05-08,2024-07-07,Completed,68.47,D
586,132,4,2024-05-23,2024-07-22,Completed,69.68,D
587,133,4,2025-05-18,,Active,,
588,133,13,2025-04-24,2025-06-23,Completed,53.12,F
589,133,8,2025-04-20,2025-06-19,Completed,84.28,B
590,134,6,2025-06-30,2025-08-29,Completed,53.87,F
591,134,3,2025-06-21,2025-08-20,Completed,65.87,D
592,134,7,2025-06-18,2025-08-17,Completed,98.73,A
593,134,14,2025-06-30,2025-08-29,Completed,61.92,D
594,134,9,2025-06-27,2025-08-26,Completed,85.34,B
595,134,4,2025-05-12,,Active,,
596,135,12,2025-02-24,2025-04-25,Completed,56.87,F
597,135,1,2025-01-26,2025-03-27,Completed,59.0,F
598,135,15,2025-01-13,2025-03-14,Completed,72.69,C
599,136,8,2025-03-19,2025-05-18,Completed,96.66,A
600,136,14,2025-03-22,2025-05-21,Completed,89.05,B
601,136,11,2025-02-17,2025-04-18,Completed,54.67,F
602,137,8,2025-01-12,2025-03-13,Completed,57.5,F
603,137,3,2025-01-16,2025-03-17,Completed,76.67,C
604,137,11,2025-01-26,2025-03-27,Completed,75.93,C
605,137,4,2024-12-14,2025-02-12,Completed,67.04,D
606,137,13,2024-12-14,2025-02-12,Completed,76.62,C
607,137,6,2025-02-03,2025-04-04,Completed,98.28,A
608,138,6,2024-05-04,,Active,,
609,138,13,2024-04-23,2024-06-22,Completed,55.96,F
610,138,3,2024-03-30,2024-05-29,Completed,58.0,F
611,138,15,2024-03-21,2024-05-20,Completed,76.3,C
612,138,2,2024-04-27,2024-06-26,Completed,85.78,B
613,139,7,2025-02-21,2025-04-22,Completed,87.86,B
614,139,10,2025-03-25,,Active,,
615,139,11,2025-02-26,,Active,,
616,140,4,2025-01-22,2025-03-23,Completed,66.29,D
617,140,11,2025-01-15,2025-03-16,Completed,70.63,C
618,140,5,2024-12-23,2025-02-21,Completed,55.25,F
619,140,12,2025-01-16,,Active,,
620,141,13,2025-01-17,2025-03-18,Completed,88.26,B
621,141,4,2025-02-11,2025-04-12,Completed,69.43,D
622,141,3,2025-01-10,2025-03-11,Completed,85.3,B
623,141,12,2024-12-16,2025-02-14,Completed,62.11,D
624,141,15,2025-02-10,2025-04-11,Completed,72.39,C
625,141,9,2025-01-02,2025-03-03,Completed,70.22,C
626,142,7,2024-05-04,2024-07-03,Completed,88.81,B
627,142,11,2024-05-06,,Active,,
628,142,13,2024-04-21,2024-06-20,Completed,59.24,F
629,142,5,2024-04-30,2024-06-29,Completed,69.14,D
630,143,10,2025-04-09,2025-06-08,Completed,61.34,D
631,143,4,2025-02-24,2025-04-25,Completed,77.5,C
632,143,7,2025-03-29,2025-05-28,Completed,52.05,F
633,143,12,2025-02-24,,Active,,
634,143,6,2025-03-17,2025-05-16,Completed,79.83,C
635,143,9,2025-03-10,2025-05-09,Completed,81.69,B
636,144,11,2025-02-20,,Active,,
637,144,13,2025-03-27,2025-05-26,Completed,57.54,F
638,144,5,2025-03-24,2025-05-23,Completed,97.72,A
639,144,14,2025-03-28,2025-05-27,Completed,51.94,F
640,144,2,2025-03-04,2025-05-03,Completed,56.74,F
641,145,12,2024-11-17,2025-01-16,Completed,66.11,D
642,145,3,2024-11-11,2025-01-10,Completed,66.67,D
643,145,11,2024-12-12,2025-02-10,Completed,52.84,F
644,145,8,2024-11-16,,Active,,
645,146,8,2025-09-17,,Active,,
646,146,3,2025-09-18,2025-11-17,Completed,87.77,B
647,146,4,2025-09-10,2025-11-09,Completed,92.93,A
648,147,1,2024-11-23,2025-01-22,Completed,97.91,A
649,147,4,2024-11-20,2025-01-19,Completed,55.55,F
650,147,11,2024-11-02,2025-01-01,Completed,58.29,F
651,148,1,2025-06-13,2025-08-12,Completed,68.15,D
652,148,7,2025-07-03,,Active,,
653,148,6,2025-06-10,2025-08-09,Completed,80.65,B
654,148,13,2025-07-05,,Active,,
655,148,14,2025-05-31,2025-07-30,Completed,79.94,C
656,148,8,2025-05-31,2025-07-30,Completed,84.49,B
657,149,9,2025-07-23,2025-09-21,Completed,55.45,F
658,149,13,2025-07-21,2025-09-19,Completed,55.18,F
659,149,6,2025-06-29,2025-08-28,Completed,71.65,C
660,150,4,2024-12-18,2025-02-16,Completed,66.48,D
661,150,11,2024-11-26,2025-01-25,Completed,50.84,F
662,150,5,2024-11-28,2025-01-27,Completed,95.22,A
663,150,7,2024-11-26,,Active,,
664,150,8,2025-01-04,2025-03-05,Completed,86.34,B
665,150,10,2025-01-02,2025-03-03,Completed,79.63,C
666,151,11,2025-02-18,2025-04-19,Completed,55.87,F
667,151,4,2025-02-24,2025-04-25,Completed,69.32,D
668,151,12,2025-03-14,2025-05-13,Completed,92.47,A
669,152,11,2024-05-20,2024-07-19,Completed,72.1,C
670,152,8,2024-06-14,,Active,,
671,152,7,2024-05-12,2024-07-11,Completed,89.15,B
672,153,6,2025-12-25,2026-02-23,Completed,87.01,B
673,153,12,2025-12-20,2026-02-18,Completed,87.23,B
674,153,4,2025-12-07,2026-02-05,Completed,75.4,C
675,154,15,2025-09-03,2025-11-02,Completed,76.63,C
676,154,1,2025-10-12,2025-12-11,Completed,66.66,D
677,154,6,2025-10-13,2025-12-12,Completed,86.57,B
678,154,4,2025-09-03,2025-11-02,Completed,96.27,A
679,155,1,2025-09-06,2025-11-05,Completed,54.6,F
680,155,2,2025-10-03,2025-12-02,Completed,52.03,F
681,155,11,2025-09-11,,Active,,
682,155,13,2025-09-13,2025-11-12,Completed,86.88,B
683,155,4,2025-10-26,2025-12-25,Completed,56.25,F
684,156,11,2025-06-25,2025-08-24,Completed,74.03,C
685,156,3,2025-06-14,2025-08-13,Completed,58.37,F
686,156,14,2025-06-11,2025-08-10,Completed,91.57,A
687,156,13,2025-07-01,2025-08-30,Completed,92.43,A
688,156,9,2025-06-30,2025-08-29,Completed,62.33,D
689,156,2,2025-06-29,2025-08-28,Completed,52.02,F
690,157,12,2024-05-21,2024-07-20,Completed,77.24,C
691,157,11,2024-04-18,2024-06-17,Completed,95.05,A
692,157,15,2024-05-18,2024-07-17,Completed,98.96,A
693,158,7,2024-07-06,2024-09-04,Completed,83.68,B
694,158,14,2024-06-22,2024-08-21,Completed,64.24,D
695,158,2,2024-07-17,2024-09-15,Completed,54.1,F
696,158,13,2024-06-28,,Active,,
697,158,9,2024-07-27,2024-09-25,Completed,72.76,C
698,159,14,2025-01-21,,Active,,
699,159,15,2025-01-04,2025-03-05,Completed,56.17,F
700,159,11,2025-01-26,2025-03-27,Completed,86.25,B
701,159,2,2025-01-24,2025-03-25,Completed,65.05,D
702,159,13,2024-12-15,2025-02-13,Completed,53.15,F
703,159,10,2025-02-02,2025-04-03,Completed,92.17,A
704,160,15,2025-01-07,,Active,,
705,160,3,2025-01-22,2025-03-23,Completed,78.1,C
706,160,13,2025-02-15,2025-04-16,Completed,57.12,F
707,160,2,2024-12-23,,Active,,
708,160,1,2024-12-28,2025-02-26,Completed,63.14,D
709,160,4,2025-01-04,2025-03-05,Completed,97.31,A
710,161,14,2025-12-30,2026-02-28,Completed,91.68,A
711,161,3,2026-01-20,2026-03-21,Completed,99.64,A
712,161,15,2026-01-16,,Active,,
713,161,12,2026-01-17,2026-03-18,Completed,92.46,A
714,161,7,2026-01-29,2026-03-30,Completed,75.79,C
715,161,10,2025-12-21,2026-02-19,Completed,87.66,B
716,162,14,2024-06-21,2024-08-20,Completed,85.14,B
717,162,9,2024-07-12,2024-09-10,Completed,88.47,B
718,162,2,2024-07-22,,Active,,
719,162,15,2024-07-15,2024-09-13,Completed,75.6,C
720,162,3,2024-06-22,2024-08-21,Completed,77.94,C
721,162,4,2024-07-24,2024-09-22,Completed,85.58,B
722,163,9,2025-03-18,2025-05-17,Completed,90.34,A
723,163,6,2025-03-21,,Active,,
724,163,11,2025-03-30,2025-05-29,Completed,66.9,D
725,163,15,2025-03-06,2025-05-05,Completed,93.94,A
726,164,8,2025-02-06,,Active,,
727,164,4,2025-03-13,2025-05-12,Completed,73.19,C
728,164,11,2025-01-27,2025-03-28,Completed,99.64,A
729,164,13,2025-01-19,2025-03-20,Completed,74.84,C
730,165,3,2024-02-16,2024-04-16,Completed,63.91,D
731,165,7,2023-12-30,,Active,,
732,165,2,2024-02-06,2024-04-06,Completed,51.54,F
733,166,10,2025-03-27,2025-05-26,Completed,75.61,C
734,166,6,2025-03-17,2025-05-16,Completed,89.73,B
735,166,9,2025-04-11,,Active,,
736,166,5,2025-04-07,2025-06-06,Completed,71.92,C
737,166,1,2025-03-24,2025-05-23,Completed,80.48,B
738,167,3,2024-12-31,2025-03-01,Completed,82.68,B
739,167,12,2024-12-20,2025-02-18,Completed,54.46,F
740,167,2,2024-12-25,2025-02-23,Completed,54.33,F
741,167,9,2024-11-27,2025-01-26,Completed,63.06,D
742,167,13,2024-12-05,2025-02-03,Completed,99.23,A
743,167,7,2025-01-11,2025-03-12,Completed,65.43,D
744,168,12,2025-01-10,2025-03-11,Completed,81.54,B
745,168,11,2025-01-05,2025-03-06,Completed,57.6,F
746,168,2,2025-01-16,2025-03-17,Completed,83.5,B
747,168,3,2025-01-22,,Active,,
748,168,15,2024-12-30,2025-02-28,Completed,88.26,B
749,168,8,2025-01-30,2025-03-31,Completed,70.76,C
750,169,13,2024-10-18,2024-12-17,Completed,53.14,F
751,169,12,2024-09-22,2024-11-21,Completed,82.47,B
752,169,3,2024-10-26,2024-12-25,Completed,65.38,D
753,169,1,2024-10-29,2024-12-28,Completed,88.13,B
754,170,5,2024-12-19,2025-02-17,Completed,54.31,F
755,170,1,2024-12-03,2025-02-01,Completed,90.99,A
756,170,2,2024-11-25,2025-01-24,Completed,51.8,F
757,170,15,2024-12-12,2025-02-10,Completed,53.27,F
758,170,13,2024-12-27,2025-02-25,Completed,95.63,A
759,171,8,2024-04-22,2024-06-21,Completed,79.09,C
760,171,12,2024-04-17,2024-06-16,Completed,55.31,F
761,171,2,2024-04-08,2024-06-07,Completed,88.3,B
762,171,10,2024-05-10,2024-07-09,Completed,69.22,D
763,172,2,2024-11-17,2025-01-16,Completed,86.53,B
764,172,7,2024-10-13,2024-12-12,Completed,51.5,F
765,172,9,2024-10-13,,Active,,
766,172,6,2024-11-04,,Active,,
767,173,4,2024-11-22,2025-01-21,Completed,61.53,D
768,173,9,2024-11-16,,Active,,
769,173,10,2024-11-17,2025-01-16,Completed,50.93,F
770,174,14,2025-10-26,2025-12-25,Completed,86.38,B
771,174,3,2025-10-27,,Active,,
772,174,4,2025-10-18,2025-12-17,Completed,66.37,D
773,174,1,2025-10-22,2025-12-21,Completed,78.06,C
774,174,6,2025-11-01,2025-12-31,Completed,97.31,A
775,175,6,2025-02-05,2025-04-06,Completed,94.07,A
776,175,1,2025-01-25,2025-03-26,Completed,57.18,F
777,175,4,2025-02-11,2025-04-12,Completed,63.13,D
778,176,2,2025-01-07,2025-03-08,Completed,83.17,B
779,176,11,2025-01-11,2025-03-12,Completed,79.5,C
780,176,14,2024-12-31,2025-03-01,Completed,95.83,A
781,176,10,2024-12-01,2025-01-30,Completed,67.4,D
782,176,1,2025-01-10,,Active,,
783,177,3,2024-05-06,2024-07-05,Completed,64.11,D
784,177,8,2024-04-03,2024-06-02,Completed,95.94,A
785,177,12,2024-03-31,,Active,,
786,178,5,2025-08-12,2025-10-11,Completed,83.42,B
787,178,15,2025-08-05,2025-10-04,Completed,94.94,A
788,178,6,2025-07-13,2025-09-11,Completed,69.79,D
789,178,9,2025-08-07,2025-10-06,Completed,80.65,B
790,178,1,2025-09-06,2025-11-05,Completed,99.79,A
791,179,2,2025-05-04,,Active,,
792,179,13,2025-04-22,,Active,,
793,179,4,2025-03-26,2025-05-25,Completed,76.55,C
794,179,9,2025-04-10,2025-06-09,Completed,97.59,A
795,179,15,2025-04-12,,Active,,
796,180,15,2024-02-26,2024-04-26,Completed,84.93,B
797,180,11,2024-02-04,2024-04-04,Completed,78.62,C
798,180,6,2024-02-21,2024-04-21,Completed,52.85,F
799,180,12,2024-02-12,2024-04-12,Completed,83.87,B
800,180,3,2024-02-10,2024-04-10,Completed,52.95,F
801,181,1,2025-08-12,,Active,,
802,181,9,2025-08-07,2025-10-06,Completed,80.19,B
803,181,4,2025-09-26,2025-11-25,Completed,50.24,F
804,181,12,2025-08-05,2025-10-04,Completed,98.51,A
805,181,15,2025-09-11,2025-11-10,Completed,86.71,B
806,182,14,2025-11-26,2026-01-25,Completed,54.68,F
807,182,1,2025-11-28,2026-01-27,Completed,67.01,D
808,182,6,2025-11-22,,Active,,
809,183,10,2024-03-31,2024-05-30,Completed,59.61,F
810,183,5,2024-03-23,2024-05-22,Completed,59.48,F
811,183,4,2024-04-10,,Active,,
812,183,3,2024-04-24,2024-06-23,Completed,80.92,B
813,184,11,2024-02-25,2024-04-25,Completed,69.7,D
814,184,14,2024-03-17,2024-05-16,Completed,82.0,B
815,184,7,2024-03-01,2024-04-30,Completed,74.59,C
816,185,14,2025-01-30,2025-03-31,Completed,60.97,D
817,185,13,2025-02-20,2025-04-21,Completed,92.93,A
818,185,4,2025-02-12,2025-04-13,Completed,83.96,B
819,185,9,2025-01-05,,Active,,
820,186,7,2024-02-07,2024-04-07,Completed,50.87,F
821,186,6,2024-02-09,2024-04-09,Completed,83.66,B
822,186,10,2024-02-15,2024-04-15,Completed,72.96,C
823,186,8,2024-01-08,2024-03-08,Completed,56.75,F
824,186,12,2024-01-12,2024-03-12,Completed,55.95,F
825,187,7,2024-04-05,,Active,,
826,187,3,2024-05-06,2024-07-05,Completed,72.75,C
827,187,10,2024-04-11,2024-06-10,Completed,70.81,C
828,187,8,2024-05-05,2024-07-04,Completed,64.99,D
829,188,4,2024-11-10,2025-01-09,Completed,50.81,F
830,188,11,2024-11-22,,Active,,
831,188,5,2024-10-04,2024-12-03,Completed,71.44,C
832,188,3,2024-10-20,2024-12-19,Completed,94.63,A
833,189,2,2025-12-05,2026-02-03,Completed,57.37,F
834,189,7,2025-11-08,,Active,,
835,189,11,2025-12-05,2026-02-03,Completed,81.7,B
836,189,4,2025-11-07,2026-01-06,Completed,64.62,D
837,190,9,2025-02-13,2025-04-14,Completed,73.75,C
838,190,2,2025-01-26,,Active,,
839,190,10,2025-02-12,2025-04-13,Completed,88.16,B
840,190,12,2025-01-08,,Active,,
841,191,10,2025-01-24,2025-03-25,Completed,57.07,F
842,191,14,2025-01-22,2025-03-23,Completed,79.64,C
843,191,7,2025-01-04,,Active,,
844,191,4,2024-12-12,2025-02-10,Completed,72.48,C
845,191,3,2024-12-28,2025-02-26,Completed,86.24,B
846,192,13,2024-07-05,2024-09-03,Completed,65.47,D
847,192,6,2024-07-03,2024-09-01,Completed,73.72,C
848,192,12,2024-06-06,2024-08-05,Completed,85.78,B
849,192,1,2024-06-25,2024-08-24,Completed,52.51,F
850,192,3,2024-05-29,2024-07-28,Completed,93.49,A
851,193,4,2025-02-12,2025-04-13,Completed,96.95,A
852,193,13,2025-02-12,2025-04-13,Completed,76.69,C
853,193,2,2025-03-11,,Active,,
854,193,10,2025-03-02,2025-05-01,Completed,70.67,C
855,193,11,2025-03-14,2025-05-13,Completed,80.81,B
856,194,2,2024-07-30,2024-09-28,Completed,80.53,B
857,194,13,2024-07-01,2024-08-30,Completed,86.55,B
858,194,4,2024-07-12,2024-09-10,Completed,78.14,C
859,194,5,2024-08-11,2024-10-10,Completed,95.8,A
860,194,1,2024-07-07,2024-09-05,Completed,82.83,B
861,195,1,2024-12-01,2025-01-30,Completed,55.49,F
862,195,4,2024-12-23,2025-02-21,Completed,96.04,A
863,195,5,2024-11-24,2025-01-23,Completed,92.6,A
864,195,2,2024-11-18,2025-01-17,Completed,99.65,A
865,195,8,2024-12-13,2025-02-11,Completed,90.98,A
866,195,12,2024-12-28,2025-02-26,Completed,66.38,D
867,196,12,2024-01-07,,Active,,
868,196,7,2023-12-28,,Active,,
869,196,4,2024-01-05,2024-03-05,Completed,74.88,C
870,196,5,2023-12-28,2024-02-26,Completed,75.89,C
871,197,1,2025-04-13,2025-06-12,Completed,97.68,A
872,197,15,2025-04-28,,Active,,
873,197,5,2025-04-22,,Active,,
874,198,11,2025-09-22,2025-11-21,Completed,96.34,A
875,198,13,2025-09-25,,Active,,
876,198,10,2025-08-28,2025-10-27,Completed,69.6,D
877,198,12,2025-10-06,2025-12-05,Completed,58.73,F
878,198,6,2025-10-09,2025-12-08,Completed,57.67,F
879,199,3,2024-07-26,2024-09-24,Completed,65.09,D
880,199,6,2024-07-09,,Active,,
881,199,9,2024-07-14,2024-09-12,Completed,89.99,B
882,199,4,2024-07-22,2024-09-20,Completed,91.29,A
883,199,13,2024-07-24,,Active,,
884,199,11,2024-07-19,2024-09-17,Completed,96.18,A
885,200,1,2024-06-25,,Active,,
886,200,13,2024-07-12,2024-09-10,Completed,56.05,F
887,200,5,2024-06-23,,Active,,
888,200,3,2024-06-09,,Active,,
889,201,2,2025-04-29,,Active,,
890,201,1,2025-05-07,,Active,,
891,201,4,2025-04-27,2025-06-26,Completed,96.39,A
892,201,14,2025-04-23,2025-06-22,Completed,95.05,A
893,202,10,2025-07-30,2025-09-28,Completed,50.97,F
894,202,6,2025-08-18,2025-10-17,Completed,98.32,A
895,202,4,2025-08-18,2025-10-17,Completed,87.35,B
896,202,13,2025-08-25,,Active,,
897,202,2,2025-08-13,2025-10-12,Completed,96.33,A
898,203,8,2024-01-28,2024-03-28,Completed,88.3,B
899,203,6,2024-02-12,2024-04-12,Completed,99.23,A
900,203,10,2024-01-01,2024-03-01,Completed,71.31,C
901,203,11,2023-12-30,,Active,,
902,204,12,2024-05-14,2024-07-13,Completed,54.9,F
903,204,1,2024-04-29,2024-06-28,Completed,90.55,A
904,204,2,2024-05-01,2024-06-30,Completed,54.09,F
905,204,15,2024-05-13,2024-07-12,Completed,77.6,C
906,204,3,2024-05-04,2024-07-03,Completed,70.29,C
907,205,2,2024-12-18,2025-02-16,Completed,69.72,D
908,205,1,2025-01-07,2025-03-08,Completed,68.14,D
909,205,15,2025-01-02,2025-03-03,Completed,82.05,B
910,205,7,2024-12-16,,Active,,
911,206,7,2025-05-24,2025-07-23,Completed,99.51,A
912,206,6,2025-04-21,2025-06-20,Completed,68.8,D
913,206,12,2025-06-05,2025-08-04,Completed,74.34,C
914,206,13,2025-05-17,2025-07-16,Completed,94.95,A
915,206,3,2025-04-27,2025-06-26,Completed,78.47,C
916,207,12,2024-12-11,2025-02-09,Completed,96.29,A
917,207,2,2025-01-17,2025-03-18,Completed,72.17,C
918,207,9,2025-01-13,2025-03-14,Completed,75.61,C
919,207,15,2025-01-30,2025-03-31,Completed,77.23,C
920,207,5,2025-02-02,2025-04-03,Completed,88.5,B
921,208,7,2024-07-26,,Active,,
922,208,1,2024-08-07,,Active,,
923,208,8,2024-07-27,2024-09-25,Completed,95.14,A
924,208,5,2024-08-01,,Active,,
925,208,11,2024-09-03,2024-11-02,Completed,53.86,F
926,208,15,2024-08-01,2024-09-30,Completed,58.96,F
927,209,5,2025-11-08,2026-01-07,Completed,85.85,B
928,209,15,2025-11-28,2026-01-27,Completed,65.6,D
929,209,3,2025-12-12,2026-02-10,Completed,85.89,B
930,209,12,2025-11-06,2026-01-05,Completed,88.01,B
931,209,1,2025-10-28,,Active,,
932,210,15,2025-02-23,2025-04-24,Completed,93.64,A
933,210,12,2025-03-20,2025-05-19,Completed,84.69,B
934,210,7,2025-04-17,2025-06-16,Completed,51.79,F
935,210,8,2025-04-13,2025-06-12,Completed,96.47,A
936,210,9,2025-04-11,2025-06-10,Completed,84.46,B
937,211,15,2024-04-29,2024-06-28,Completed,79.42,C
938,211,6,2024-06-14,2024-08-13,Completed,70.67,C
939,211,7,2024-05-31,2024-07-30,Completed,71.86,C
940,211,8,2024-06-07,2024-08-06,Completed,88.25,B
941,212,8,2024-12-16,2025-02-14,Completed,55.52,F
942,212,11,2024-10-29,2024-12-28,Completed,89.64,B
943,212,2,2024-11-01,2024-12-31,Completed,73.0,C
944,212,3,2024-12-06,2025-02-04,Completed,83.91,B
945,213,3,2025-05-24,2025-07-23,Completed,80.96,B
946,213,12,2025-05-23,2025-07-22,Completed,88.72,B
947,213,15,2025-05-08,2025-07-07,Completed,52.36,F
948,213,6,2025-05-17,2025-07-16,Completed,77.6,C
949,213,10,2025-05-26,2025-07-25,Completed,76.81,C
950,214,14,2025-08-10,2025-10-09,Completed,72.18,C
951,214,13,2025-08-17,,Active,,
952,214,1,2025-08-25,,Active,,
953,214,15,2025-07-27,,Active,,
954,214,2,2025-07-13,2025-09-11,Completed,62.37,D
955,214,7,2025-08-10,2025-10-09,Completed,86.78,B
956,215,2,2024-01-26,2024-03-26,Completed,50.51,F
957,215,12,2024-01-11,2024-03-11,Completed,81.57,B
958,215,15,2024-01-30,2024-03-30,Completed,56.67,F
959,215,13,2024-01-15,2024-03-15,Completed,63.17,D
960,215,9,2024-01-26,,Active,,
961,216,15,2025-11-20,2026-01-19,Completed,92.74,A
962,216,13,2025-12-05,,Active,,
963,216,12,2025-12-14,2026-02-12,Completed,61.65,D
964,216,3,2025-11-17,,Active,,
965,217,11,2024-02-06,2024-04-06,Completed,63.7,D
966,217,8,2024-02-13,2024-04-13,Completed,68.39,D
967,217,14,2024-02-12,2024-04-12,Completed,81.09,B
968,217,5,2024-01-26,2024-03-26,Completed,59.59,F
969,217,1,2024-01-12,2024-03-12,Completed,82.31,B
970,218,6,2025-07-23,,Active,,
971,218,3,2025-07-06,2025-09-04,Completed,75.75,C
972,218,7,2025-07-05,2025-09-03,Completed,88.96,B
973,218,2,2025-07-31,2025-09-29,Completed,74.33,C
974,218,8,2025-08-20,2025-10-19,Completed,78.98,C
975,219,8,2024-08-27,2024-10-26,Completed,93.56,A
976,219,10,2024-08-09,2024-10-08,Completed,57.41,F
977,219,9,2024-07-10,,Active,,
978,219,2,2024-08-25,2024-10-24,Completed,58.21,F
979,219,1,2024-07-05,2024-09-03,Completed,70.39,C
980,219,15,2024-08-10,,Active,,
981,220,2,2025-04-22,,Active,,
982,220,13,2025-05-19,,Active,,
983,220,5,2025-05-16,2025-07-15,Completed,64.66,D
984,220,9,2025-05-18,2025-07-17,Completed,56.9,F
985,221,12,2024-05-10,2024-07-09,Completed,76.51,C
986,221,9,2024-05-12,2024-07-11,Completed,68.31,D
987,221,14,2024-04-29,2024-06-28,Completed,97.92,A
988,221,4,2024-05-14,2024-07-13,Completed,71.07,C
989,221,6,2024-04-14,2024-06-13,Completed,73.31,C
990,221,2,2024-05-08,2024-07-07,Completed,75.9,C
991,222,9,2024-06-07,2024-08-06,Completed,82.1,B
992,222,4,2024-05-01,2024-06-30,Completed,92.26,A
993,222,2,2024-06-04,2024-08-03,Completed,82.85,B
994,222,15,2024-04-29,2024-06-28,Completed,59.52,F
995,223,10,2025-08-08,,Active,,
996,223,14,2025-09-10,2025-11-09,Completed,62.07,D
997,223,15,2025-09-23,2025-11-22,Completed,90.25,A
998,223,3,2025-08-20,2025-10-19,Completed,60.14,D
999,223,4,2025-09-14,2025-11-13,Completed,80.75,B
1000,223,6,2025-09-27,2025-11-26,Completed,77.66,C
1001,224,11,2025-02-20,2025-04-21,Completed,71.55,C
1002,224,7,2025-02-21,2025-04-22,Completed,58.15,F
1003,224,1,2025-01-27,2025-03-28,Completed,67.19,D
1004,225,13,2024-08-21,2024-10-20,Completed,92.64,A
1005,225,1,2024-08-14,2024-10-13,Completed,50.06,F
1006,225,5,2024-10-02,2024-12-01,Completed,75.88,C
1007,225,9,2024-09-01,2024-10-31,Completed,65.3,D
1008,225,10,2024-08-13,2024-10-12,Completed,51.19,F
1009,226,13,2024-12-27,2025-02-25,Completed,71.45,C
1010,226,5,2025-01-01,2025-03-02,Completed,67.81,D
1011,226,11,2024-11-29,2025-01-28,Completed,82.15,B
1012,226,7,2024-12-04,2025-02-02,Completed,55.37,F
1013,227,13,2025-08-19,2025-10-18,Completed,81.17,B
1014,227,1,2025-09-08,2025-11-07,Completed,87.38,B
1015,227,3,2025-09-17,2025-11-16,Completed,81.18,B
1016,227,14,2025-09-18,2025-11-17,Completed,76.7,C
1017,227,9,2025-08-08,2025-10-07,Completed,86.44,B
1018,228,7,2024-09-12,2024-11-11,Completed,66.38,D
1019,228,13,2024-09-26,2024-11-25,Completed,77.41,C
1020,228,14,2024-11-01,2024-12-31,Completed,51.0,F
1021,228,12,2024-10-23,2024-12-22,Completed,65.59,D
1022,228,3,2024-09-07,2024-11-06,Completed,74.69,C
1023,229,7,2025-04-15,,Active,,
1024,229,5,2025-04-04,2025-06-03,Completed,99.36,A
1025,229,15,2025-03-21,2025-05-20,Completed,55.62,F
1026,229,12,2025-03-04,,Active,,
1027,230,12,2024-02-24,2024-04-24,Completed,62.26,D
1028,230,10,2024-04-13,2024-06-12,Completed,69.44,D
1029,230,14,2024-04-12,,Active,,
1030,231,1,2024-09-02,2024-11-01,Completed,65.72,D
1031,231,8,2024-10-15,2024-12-14,Completed,51.73,F
1032,231,9,2024-10-07,2024-12-06,Completed,58.65,F
1033,231,15,2024-10-24,,Active,,
1034,231,10,2024-09-06,2024-11-05,Completed,86.2,B
1035,231,7,2024-10-02,2024-12-01,Completed,97.07,A
1036,232,9,2025-11-11,2026-01-10,Completed,80.46,B
1037,232,14,2025-11-02,2026-01-01,Completed,55.02,F
1038,232,11,2025-10-15,2025-12-14,Completed,56.97,F
1039,232,5,2025-10-26,,Active,,
1040,232,3,2025-10-26,2025-12-25,Completed,77.85,C
1041,232,15,2025-10-10,2025-12-09,Completed,73.99,C
1042,233,14,2024-12-06,2025-02-04,Completed,73.46,C
1043,233,10,2024-11-23,,Active,,
1044,233,11,2024-10-27,2024-12-26,Completed,80.52,B
1045,234,3,2025-05-10,2025-07-09,Completed,94.07,A
1046,234,8,2025-06-23,,Active,,
1047,234,2,2025-06-14,2025-08-13,Completed,95.28,A
1048,234,9,2025-05-12,2025-07-11,Completed,99.25,A
1049,234,7,2025-07-02,2025-08-31,Completed,68.96,D
1050,235,12,2025-10-05,2025-12-04,Completed,69.09,D
1051,235,13,2025-10-31,2025-12-30,Completed,76.44,C
1052,235,4,2025-10-13,2025-12-12,Completed,86.05,B
1053,235,3,2025-10-24,2025-12-23,Completed,67.73,D
1054,235,2,2025-10-02,2025-12-01,Completed,52.98,F
1055,236,7,2025-06-12,2025-08-11,Completed,72.83,C
1056,236,15,2025-05-31,2025-07-30,Completed,76.26,C
1057,236,10,2025-06-18,2025-08-17,Completed,57.22,F
1058,236,5,2025-06-17,2025-08-16,Completed,71.58,C
1059,236,14,2025-07-12,2025-09-10,Completed,86.52,B
1060,237,3,2024-01-29,2024-03-29,Completed,63.02,D
1061,237,2,2024-01-04,2024-03-04,Completed,68.76,D
1062,237,11,2024-02-23,,Active,,
1063,237,1,2024-01-27,2024-03-27,Completed,54.54,F
1064,237,9,2024-02-20,2024-04-20,Completed,61.01,D
1065,237,14,2024-02-05,2024-04-05,Completed,63.74,D
1066,238,2,2025-09-02,2025-11-01,Completed,72.29,C
1067,238,3,2025-08-27,2025-10-26,Completed,66.24,D
1068,238,8,2025-08-11,2025-10-10,Completed,71.88,C
1069,239,12,2025-06-06,2025-08-05,Completed,85.21,B
1070,239,11,2025-06-23,2025-08-22,Completed,80.85,B
1071,239,2,2025-07-02,,Active,,
1072,239,8,2025-06-23,,Active,,
1073,240,3,2024-04-27,2024-06-26,Completed,73.8,C
1074,240,7,2024-03-22,2024-05-21,Completed,73.67,C
1075,240,8,2024-04-03,2024-06-02,Completed,91.77,A
1076,240,6,2024-03-29,2024-05-28,Completed,78.23,C
1077,240,14,2024-04-23,2024-06-22,Completed,95.57,A
1078,240,9,2024-05-02,2024-07-01,Completed,63.11,D
1079,241,2,2025-02-09,2025-04-10,Completed,73.0,C
1080,241,13,2025-02-24,2025-04-25,Completed,85.71,B
1081,241,4,2025-01-01,2025-03-02,Completed,67.78,D
1082,241,14,2025-01-19,2025-03-20,Completed,73.78,C
1083,241,5,2025-01-25,2025-03-26,Completed,59.38,F
1084,241,12,2025-02-03,,Active,,
1085,242,10,2025-04-18,2025-06-17,Completed,80.74,B
1086,242,15,2025-05-06,2025-07-05,Completed,85.54,B
1087,242,7,2025-05-28,2025-07-27,Completed,86.33,B
1088,242,13,2025-06-13,2025-08-12,Completed,80.28,B
1089,242,9,2025-05-21,2025-07-20,Completed,96.68,A
1090,242,4,2025-05-28,2025-07-27,Completed,78.55,C
1091,243,8,2025-09-12,2025-11-11,Completed,97.87,A
1092,243,7,2025-10-04,2025-12-03,Completed,91.85,A
1093,243,3,2025-10-03,,Active,,
1094,244,9,2025-12-20,,Active,,
1095,244,12,2025-12-20,,Active,,
1096,244,5,2026-01-06,2026-03-07,Completed,51.94,F
1097,245,6,2025-01-16,2025-03-17,Completed,55.19,F
1098,245,3,2025-02-04,2025-04-05,Completed,65.27,D
1099,245,11,2025-02-13,2025-04-14,Completed,80.59,B
1100,246,9,2024-07-08,2024-09-06,Completed,51.59,F
1101,246,7,2024-07-12,2024-09-10,Completed,82.01,B
1102,246,11,2024-07-01,,Active,,
1103,246,15,2024-07-19,2024-09-17,Completed,86.87,B
1104,246,6,2024-07-17,2024-09-15,Completed,75.51,C
1105,246,2,2024-06-23,,Active,,
1106,247,13,2024-09-04,2024-11-03,Completed,91.09,A
1107,247,6,2024-07-17,2024-09-15,Completed,80.59,B
1108,247,2,2024-07-23,2024-09-21,Completed,55.76,F
1109,247,4,2024-08-07,2024-10-06,Completed,66.44,D
1110,247,14,2024-07-30,2024-09-28,Completed,86.56,B
1111,247,10,2024-09-04,2024-11-03,Completed,73.3,C
1112,248,15,2025-04-19,2025-06-18,Completed,55.01,F
1113,248,13,2025-04-21,2025-06-20,Completed,51.26,F
1114,248,14,2025-04-19,2025-06-18,Completed,98.85,A
1115,248,10,2025-05-12,2025-07-11,Completed,67.51,D
1116,248,9,2025-05-02,2025-07-01,Completed,97.99,A
1117,249,15,2024-03-08,,Active,,
1118,249,6,2024-01-25,2024-03-25,Completed,80.1,B
1119,249,12,2024-02-24,2024-04-24,Completed,75.36,C
1120,249,11,2024-01-27,,Active,,
1121,249,8,2024-03-07,2024-05-06,Completed,63.85,D
1122,250,9,2025-02-05,2025-04-06,Completed,95.09,A
1123,250,11,2025-02-03,,Active,,
1124,250,1,2025-02-04,2025-04-05,Completed,95.72,A
1125,250,14,2025-03-18,2025-05-17,Completed,88.9,B
1126,251,4,2024-01-20,2024-03-20,Completed,95.91,A
1127,251,9,2024-01-08,2024-03-08,Completed,79.84,C
1128,251,13,2024-02-03,2024-04-03,Completed,87.73,B
1129,251,14,2024-02-06,2024-04-06,Completed,76.35,C
1130,251,8,2024-02-06,,Active,,
1131,251,12,2024-01-03,2024-03-03,Completed,93.61,A
1132,252,5,2025-09-27,2025-11-26,Completed,58.94,F
1133,252,10,2025-09-16,2025-11-15,Completed,82.05,B
1134,252,4,2025-08-04,2025-10-03,Completed,82.32,B
1135,253,11,2024-09-08,,Active,,
1136,253,13,2024-09-28,,Active,,
1137,253,7,2024-09-16,2024-11-15,Completed,76.0,C
1138,253,5,2024-09-03,2024-11-02,Completed,61.67,D
1139,254,2,2025-01-04,2025-03-05,Completed,98.63,A
1140,254,12,2025-01-12,2025-03-13,Completed,66.06,D
1141,254,14,2025-01-03,,Active,,
1142,254,7,2024-12-18,2025-02-16,Completed,65.81,D
1143,255,4,2024-06-06,2024-08-05,Completed,60.09,D
1144,255,9,2024-06-05,,Active,,
1145,255,1,2024-06-22,2024-08-21,Completed,55.34,F
1146,255,15,2024-07-09,2024-09-07,Completed,51.89,F
1147,255,7,2024-07-10,,Active,,
1148,255,12,2024-06-09,2024-08-08,Completed,51.27,F
1149,256,10,2025-09-30,,Active,,
1150,256,12,2025-08-20,2025-10-19,Completed,85.42,B
1151,256,8,2025-08-24,2025-10-23,Completed,52.43,F
1152,257,6,2024-09-23,2024-11-22,Completed,84.86,B
1153,257,14,2024-09-28,,Active,,
1154,257,10,2024-10-26,2024-12-25,Completed,92.77,A
1155,257,2,2024-10-23,2024-12-22,Completed,68.23,D
1156,258,4,2024-03-22,2024-05-21,Completed,67.64,D
1157,258,13,2024-02-28,2024-04-28,Completed,93.75,A
1158,258,1,2024-02-17,2024-04-17,Completed,81.59,B
1159,258,11,2024-02-01,2024-04-01,Completed,52.05,F
1160,258,12,2024-02-07,2024-04-07,Completed,78.31,C
1161,258,8,2024-02-19,2024-04-19,Completed,85.51,B
1162,259,5,2024-01-01,2024-03-01,Completed,71.61,C
1163,259,11,2024-01-31,,Active,,
1164,259,7,2024-02-09,,Active,,
1165,260,15,2025-04-19,2025-06-18,Completed,53.07,F
1166,260,10,2025-04-25,2025-06-24,Completed,60.86,D
1167,260,8,2025-05-07,2025-07-06,Completed,85.79,B
1168,261,5,2024-07-14,2024-09-12,Completed,86.34,B
1169,261,7,2024-07-03,2024-09-01,Completed,64.71,D
1170,261,10,2024-07-07,,Active,,
1171,261,3,2024-07-13,2024-09-11,Completed,67.33,D
1172,261,8,2024-08-05,2024-10-04,Completed,63.52,D
1173,261,1,2024-08-23,,Active,,
1174,262,13,2025-07-04,2025-09-02,Completed,97.24,A
1175,262,2,2025-06-09,2025-08-08,Completed,72.8,C
1176,262,11,2025-06-18,2025-08-17,Completed,53.89,F
1177,262,12,2025-06-22,,Active,,
1178,263,15,2025-11-17,2026-01-16,Completed,75.29,C
1179,263,14,2025-09-21,2025-11-20,Completed,56.72,F
1180,263,1,2025-09-25,2025-11-24,Completed,74.88,C
1181,263,4,2025-10-28,2025-12-27,Completed,75.98,C
1182,263,10,2025-10-07,2025-12-06,Completed,86.16,B
1183,263,2,2025-11-13,2026-01-12,Completed,83.84,B
1184,264,10,2025-02-21,2025-04-22,Completed,98.19,A
1185,264,7,2025-02-15,2025-04-16,Completed,52.32,F
1186,264,5,2025-02-26,2025-04-27,Completed,84.68,B
1187,264,2,2025-02-27,,Active,,
1188,265,10,2024-11-29,2025-01-28,Completed,94.31,A
1189,265,5,2024-11-24,2025-01-23,Completed,64.0,D
1190,265,11,2024-12-17,2025-02-15,Completed,56.38,F
1191,265,13,2024-12-24,2025-02-22,Completed,60.97,D
1192,265,14,2024-11-26,2025-01-25,Completed,53.23,F
1193,265,12,2024-11-24,2025-01-23,Completed,73.97,C
1194,266,6,2025-08-24,,Active,,
1195,266,7,2025-07-19,2025-09-17,Completed,98.23,A
1196,266,11,2025-07-26,2025-09-24,Completed,57.09,F
1197,266,4,2025-09-07,2025-11-06,Completed,71.93,C
1198,267,11,2024-11-11,2025-01-10,Completed,56.93,F
1199,267,13,2024-11-04,2025-01-03,Completed,93.98,A
1200,267,9,2024-11-03,2025-01-02,Completed,69.99,D
1201,267,8,2024-10-23,2024-12-22,Completed,95.78,A
1202,267,2,2024-10-05,2024-12-04,Completed,88.47,B
1203,268,15,2024-11-08,2025-01-07,Completed,71.84,C
1204,268,1,2024-10-10,2024-12-09,Completed,93.15,A
1205,268,4,2024-09-20,,Active,,
1206,269,13,2025-06-15,,Active,,
1207,269,7,2025-05-19,2025-07-18,Completed,63.69,D
1208,269,4,2025-05-17,2025-07-16,Completed,73.66,C
1209,269,9,2025-05-06,,Active,,
1210,269,6,2025-06-14,2025-08-13,Completed,86.41,B
1211,270,7,2025-12-09,,Active,,
1212,270,9,2025-11-24,,Active,,
1213,270,14,2025-12-01,2026-01-30,Completed,83.54,B
1214,271,3,2024-09-22,2024-11-21,Completed,86.46,B
1215,271,9,2024-10-27,2024-12-26,Completed,92.6,A
1216,271,4,2024-09-14,2024-11-13,Completed,66.04,D
1217,272,10,2024-09-15,2024-11-14,Completed,96.95,A
1218,272,11,2024-10-04,,Active,,
1219,272,4,2024-09-03,2024-11-02,Completed,70.09,C
1220,273,8,2025-06-19,,Active,,
1221,273,4,2025-06-28,2025-08-27,Completed,79.24,C
1222,273,11,2025-06-08,2025-08-07,Completed,64.55,D
1223,274,7,2025-05-25,2025-07-24,Completed,76.62,C
1224,274,5,2025-06-07,2025-08-06,Completed,96.29,A
1225,274,3,2025-07-03,,Active,,
1226,275,15,2025-04-08,,Active,,
1227,275,2,2025-04-12,2025-06-11,Completed,94.9,A
1228,275,3,2025-06-03,2025-08-02,Completed,59.11,F
1229,276,8,2025-01-06,2025-03-07,Completed,69.91,D
1230,276,11,2025-02-07,,Active,,
1231,276,5,2025-01-19,2025-03-20,Completed,92.33,A
1232,276,12,2025-01-18,2025-03-19,Completed,96.7,A
1233,277,6,2024-08-10,2024-10-09,Completed,85.82,B
1234,277,13,2024-06-19,2024-08-18,Completed,65.81,D
1235,277,9,2024-06-28,2024-08-27,Completed,82.85,B
1236,277,12,2024-07-15,2024-09-13,Completed,99.76,A
1237,277,14,2024-07-30,2024-09-28,Completed,91.63,A
1238,278,15,2025-05-14,2025-07-13,Completed,81.23,B
1239,278,13,2025-06-09,2025-08-08,Completed,57.36,F
1240,278,11,2025-05-24,2025-07-23,Completed,92.2,A
1241,278,12,2025-04-15,2025-06-14,Completed,75.37,C
1242,279,10,2025-06-14,2025-08-13,Completed,68.91,D
1243,279,1,2025-07-02,,Active,,
1244,279,15,2025-06-30,2025-08-29,Completed,87.23,B
1245,279,4,2025-07-01,2025-08-30,Completed,67.83,D
1246,279,9,2025-06-05,2025-08-04,Completed,64.06,D
1247,280,6,2025-03-11,2025-05-10,Completed,67.32,D
1248,280,9,2025-02-26,2025-04-27,Completed,68.97,D
1249,280,7,2025-04-10,2025-06-09,Completed,55.92,F
1250,280,15,2025-02-17,2025-04-18,Completed,73.52,C
1251,280,8,2025-03-24,2025-05-23,Completed,77.22,C
1252,280,10,2025-04-09,2025-06-08,Completed,76.25,C
1253,281,2,2024-05-11,2024-07-10,Completed,81.53,B
1254,281,4,2024-04-29,,Active,,
1255,281,10,2024-04-02,,Active,,
1256,281,12,2024-05-02,2024-07-01,Completed,61.89,D
1257,281,3,2024-04-14,2024-06-13,Completed,54.82,F
1258,282,10,2025-09-07,,Active,,
1259,282,12,2025-09-03,,Active,,
1260,282,15,2025-09-16,2025-11-15,Completed,51.0,F
1261,282,2,2025-09-09,2025-11-08,Completed,74.35,C
1262,282,13,2025-09-01,2025-10-31,Completed,66.6,D
1263,282,7,2025-08-15,2025-10-14,Completed,80.15,B
1264,283,1,2024-01-18,2024-03-18,Completed,81.17,B
1265,283,11,2024-02-03,2024-04-03,Completed,69.15,D
1266,283,6,2024-01-28,2024-03-28,Completed,79.99,C
1267,283,15,2024-01-15,2024-03-15,Completed,99.22,A
1268,284,9,2024-09-11,2024-11-10,Completed,69.37,D
1269,284,3,2024-09-30,2024-11-29,Completed,63.3,D
1270,284,8,2024-09-16,2024-11-15,Completed,88.29,B
1271,284,6,2024-10-14,2024-12-13,Completed,99.68,A
1272,285,5,2025-04-04,,Active,,
1273,285,9,2025-03-04,,Active,,
1274,285,12,2025-03-23,2025-05-22,Completed,90.11,A
1275,285,15,2025-03-18,2025-05-17,Completed,75.04,C
1276,285,3,2025-04-05,,Active,,
1277,285,11,2025-03-17,,Active,,
1278,286,5,2025-03-24,2025-05-23,Completed,97.09,A
1279,286,6,2025-03-13,,Active,,
1280,286,2,2025-04-15,2025-06-14,Completed,88.22,B
1281,286,14,2025-03-17,2025-05-16,Completed,65.31,D
1282,286,3,2025-02-27,2025-04-28,Completed,64.18,D
1283,286,4,2025-03-04,2025-05-03,Completed,51.03,F
1284,287,15,2025-07-09,,Active,,
1285,287,13,2025-07-04,2025-09-02,Completed,52.49,F
1286,287,10,2025-07-18,2025-09-16,Completed,94.55,A
1287,288,9,2024-01-30,,Active,,
1288,288,4,2024-01-23,2024-03-23,Completed,87.84,B
1289,288,8,2024-02-09,2024-04-09,Completed,72.26,C
1290,289,5,2025-12-03,,Active,,
1291,289,13,2025-12-12,2026-02-10,Completed,97.21,A
1292,289,9,2025-11-05,2026-01-04,Completed,87.86,B
1293,289,15,2025-11-05,,Active,,
1294,290,5,2025-08-15,2025-10-14,Completed,87.65,B
1295,290,9,2025-08-24,,Active,,
1296,290,4,2025-07-31,2025-09-29,Completed,54.92,F
1297,291,5,2025-04-11,2025-06-10,Completed,93.91,A
1298,291,8,2025-04-14,2025-06-13,Completed,60.04,D
1299,291,13,2025-04-17,2025-06-16,Completed,76.41,C
1300,291,2,2025-05-14,,Active,,
1301,291,10,2025-04-17,2025-06-16,Completed,98.77,A
1302,292,15,2025-09-15,,Active,,
1303,292,1,2025-09-08,2025-11-07,Completed,60.64,D
1304,292,3,2025-09-29,2025-11-28,Completed,55.43,F
1305,292,6,2025-10-02,2025-12-01,Completed,54.16,F
1306,292,5,2025-09-18,,Active,,
1307,293,15,2025-06-02,2025-08-01,Completed,55.13,F
1308,293,14,2025-05-15,2025-07-14,Completed,55.51,F
1309,293,3,2025-05-22,2025-07-21,Completed,87.86,B
1310,294,10,2024-10-21,2024-12-20,Completed,95.25,A
1311,294,8,2024-10-11,2024-12-10,Completed,91.02,A
1312,294,5,2024-10-21,2024-12-20,Completed,59.14,F
1313,294,15,2024-10-30,2024-12-29,Completed,70.64,C
1314,294,4,2024-10-15,2024-12-14,Completed,57.33,F
1315,295,15,2025-04-19,2025-06-18,Completed,96.52,A
1316,295,5,2025-06-01,2025-07-31,Completed,55.6,F
1317,295,11,2025-06-07,,Active,,
1318,295,6,2025-04-30,2025-06-29,Completed,58.81,F
1319,295,1,2025-05-25,2025-07-24,Completed,81.36,B
1320,295,8,2025-06-13,,Active,,
1321,296,4,2024-01-12,2024-03-12,Completed,59.34,F
1322,296,10,2024-03-01,,Active,,
1323,296,13,2024-02-07,2024-04-07,Completed,51.51,F
1324,296,15,2024-01-20,2024-03-20,Completed,51.4,F
1325,296,8,2024-01-23,2024-03-23,Completed,83.61,B
1326,297,5,2024-04-02,2024-06-01,Completed,53.69,F
1327,297,9,2024-04-15,2024-06-14,Completed,75.44,C
1328,297,14,2024-03-04,2024-05-03,Completed,71.39,C
1329,297,10,2024-03-09,2024-05-08,Completed,92.88,A
1330,297,8,2024-03-29,,Active,,
1331,297,1,2024-03-28,2024-05-27,Completed,58.67,F
1332,298,6,2025-08-18,2025-10-17,Completed,66.11,D
1333,298,12,2025-08-08,2025-10-07,Completed,97.91,A
1334,298,1,2025-06-29,2025-08-28,Completed,69.98,D
1335,298,7,2025-07-28,,Active,,
1336,299,11,2024-04-17,2024-06-16,Completed,95.04,A
1337,299,4,2024-04-01,2024-05-31,Completed,96.02,A
1338,299,2,2024-03-05,2024-05-04,Completed,76.97,C
1339,299,9,2024-03-26,2024-05-25,Completed,52.17,F
1340,299,7,2024-03-03,2024-05-02,Completed,78.9,C
1341,300,12,2024-03-21,,Active,,
1342,300,4,2024-05-04,2024-07-03,Completed,79.79,C
1343,300,13,2024-05-11,,Active,,
1344,300,11,2024-04-28,2024-06-27,Completed,88.03,B
1345,300,6,2024-05-15,,Active,,
1346,300,14,2024-03-28,2024-05-27,Completed,90.1,A
